video_id,found_path,true_count,pred_count
v_PushUps_g01_c01.avi,/content/pushup-counter/UCF101_push_ups/ucf101_dataset/good_quality/v_PushUps_g01_c01.avi,2.0,3.058335304260254
v_PushUps_g01_c02.avi,/content/pushup-counter/UCF101_push_ups/ucf101_dataset/good_quality/v_PushUps_g01_c02.avi,2.0,3.0583391189575195
v_PushUps_g01_c03.avi,/content/pushup-counter/UCF101_push_ups/ucf101_dataset/good_quality/v_PushUps_g01_c03.avi,2.0,3.0583481788635254
v_PushUps_g03_c01.avi,/content/pushup-counter/UCF101_push_ups/ucf101_dataset/good_quality/v_PushUps_g03_c01.avi,1.0,3.0583088397979736
v_PushUps_g03_c02.avi,/content/pushup-counter/UCF101_push_ups/ucf101_dataset/good_quality/v_PushUps_g03_c02.avi,1.0,3.0583138465881348
v_PushUps_g03_c03.avi,/content/pushup-counter/UCF101_push_ups/ucf101_dataset/good_quality/v_PushUps_g03_c03.avi,1.0,3.0582926273345947
v_PushUps_g03_c04.avi,/content/pushup-counter/UCF101_push_ups/ucf101_dataset/good_quality/v_PushUps_g03_c04.avi,1.0,3.0583033561706543
v_PushUps_g04_c01.avi,/content/pushup-counter/UCF101_push_ups/ucf101_dataset/good_quality/v_PushUps_g04_c01.avi,1.0,3.0583221912384033
v_PushUps_g04_c02.avi,/content/pushup-counter/UCF101_push_ups/ucf101_dataset/good_quality/v_PushUps_g04_c02.avi,1.0,3.058320999145508
v_PushUps_g04_c03.avi,/content/pushup-counter/UCF101_push_ups/ucf101_dataset/good_quality/v_PushUps_g04_c03.avi,1.0,3.0583183765411377
v_PushUps_g04_c04.avi,/content/pushup-counter/UCF101_push_ups/ucf101_dataset/good_quality/v_PushUps_g04_c04.avi,1.0,3.0583558082580566
v_PushUps_g04_c05.avi,/content/pushup-counter/UCF101_push_ups/ucf101_dataset/good_quality/v_PushUps_g04_c05.avi,1.0,3.0583603382110596
v_PushUps_g05_c01.avi,/content/pushup-counter/UCF101_push_ups/ucf101_dataset/good_quality/v_PushUps_g05_c01.avi,7.0,3.0588393211364746
v_PushUps_g05_c02.avi,/content/pushup-counter/UCF101_push_ups/ucf101_dataset/good_quality/v_PushUps_g05_c02.avi,7.0,3.0588502883911133
v_PushUps_g05_c03.avi,/content/pushup-counter/UCF101_push_ups/ucf101_dataset/good_quality/v_PushUps_g05_c03.avi,8.0,3.0588507652282715
v_PushUps_g05_c04.avi,/content/pushup-counter/UCF101_push_ups/ucf101_dataset/good_quality/v_PushUps_g05_c04.avi,7.0,3.0588431358337402
v_PushUps_g06_c01.avi,/content/pushup-counter/UCF101_push_ups/ucf101_dataset/good_quality/v_PushUps_g06_c01.avi,2.0,3.057506799697876
v_PushUps_g06_c02.avi,/content/pushup-counter/UCF101_push_ups/ucf101_dataset/good_quality/v_PushUps_g06_c02.avi,2.0,3.057497978210449
v_PushUps_g06_c03.avi,/content/pushup-counter/UCF101_push_ups/ucf101_dataset/good_quality/v_PushUps_g06_c03.avi,2.0,3.057497024536133
v_PushUps_g06_c04.avi,/content/pushup-counter/UCF101_push_ups/ucf101_dataset/good_quality/v_PushUps_g06_c04.avi,2.0,3.057488441467285
v_PushUps_g09_c01.avi,/content/pushup-counter/UCF101_push_ups/ucf101_dataset/good_quality/v_PushUps_g09_c01.avi,6.0,3.05879807472229
v_PushUps_g09_c02.avi,/content/pushup-counter/UCF101_push_ups/ucf101_dataset/good_quality/v_PushUps_g09_c02.avi,5.0,3.0587968826293945
v_PushUps_g10_c01.avi,/content/pushup-counter/UCF101_push_ups/ucf101_dataset/good_quality/v_PushUps_g10_c01.avi,1.0,3.0588181018829346
v_PushUps_g10_c02.avi,/content/pushup-counter/UCF101_push_ups/ucf101_dataset/good_quality/v_PushUps_g10_c02.avi,1.0,3.0588107109069824
v_PushUps_g10_c03.avi,/content/pushup-counter/UCF101_push_ups/ucf101_dataset/good_quality/v_PushUps_g10_c03.avi,1.0,3.0588252544403076
v_PushUps_g10_c04.avi,/content/pushup-counter/UCF101_push_ups/ucf101_dataset/good_quality/v_PushUps_g10_c04.avi,1.0,3.058833122253418
v_PushUps_g12_c01.avi,/content/pushup-counter/UCF101_push_ups/ucf101_dataset/good_quality/v_PushUps_g12_c01.avi,2.0,3.0582613945007324
v_PushUps_g12_c02.avi,/content/pushup-counter/UCF101_push_ups/ucf101_dataset/good_quality/v_PushUps_g12_c02.avi,2.0,3.058194637298584
v_PushUps_g12_c03.avi,/content/pushup-counter/UCF101_push_ups/ucf101_dataset/good_quality/v_PushUps_g12_c03.avi,2.0,3.0581865310668945
v_PushUps_g12_c04.avi,/content/pushup-counter/UCF101_push_ups/ucf101_dataset/good_quality/v_PushUps_g12_c04.avi,2.0,3.05818510055542
v_PushUps_g13_c01.avi,/content/pushup-counter/UCF101_push_ups/ucf101_dataset/good_quality/v_PushUps_g13_c01.avi,1.0,3.0588607788085938
v_PushUps_g13_c02.avi,/content/pushup-counter/UCF101_push_ups/ucf101_dataset/good_quality/v_PushUps_g13_c02.avi,1.0,3.0587072372436523
v_PushUps_g13_c03.avi,/content/pushup-counter/UCF101_push_ups/ucf101_dataset/good_quality/v_PushUps_g13_c03.avi,1.0,3.058821201324463
v_PushUps_g13_c04.avi,/content/pushup-counter/UCF101_push_ups/ucf101_dataset/good_quality/v_PushUps_g13_c04.avi,1.0,3.058920383453369
v_PushUps_g17_c01.avi,/content/pushup-counter/UCF101_push_ups/ucf101_dataset/good_quality/v_PushUps_g17_c01.avi,2.0,3.058870315551758
v_PushUps_g17_c02.avi,/content/pushup-counter/UCF101_push_ups/ucf101_dataset/good_quality/v_PushUps_g17_c02.avi,2.0,3.0588717460632324
v_PushUps_g17_c03.avi,/content/pushup-counter/UCF101_push_ups/ucf101_dataset/good_quality/v_PushUps_g17_c03.avi,2.0,3.0588769912719727
v_PushUps_g17_c04.avi,/content/pushup-counter/UCF101_push_ups/ucf101_dataset/good_quality/v_PushUps_g17_c04.avi,2.0,3.0588841438293457
v_PushUps_g18_c01.avi,/content/pushup-counter/UCF101_push_ups/ucf101_dataset/good_quality/v_PushUps_g18_c01.avi,3.0,3.058762311935425
v_PushUps_g18_c02.avi,/content/pushup-counter/UCF101_push_ups/ucf101_dataset/good_quality/v_PushUps_g18_c02.avi,3.0,3.058598279953003
v_PushUps_g18_c03.avi,/content/pushup-counter/UCF101_push_ups/ucf101_dataset/good_quality/v_PushUps_g18_c03.avi,3.0,3.058593273162842
v_PushUps_g18_c04.avi,/content/pushup-counter/UCF101_push_ups/ucf101_dataset/good_quality/v_PushUps_g18_c04.avi,3.0,3.0586562156677246
v_PushUps_g19_c01.avi,/content/pushup-counter/UCF101_push_ups/ucf101_dataset/good_quality/v_PushUps_g19_c01.avi,3.0,3.0588674545288086
v_PushUps_g19_c02.avi,/content/pushup-counter/UCF101_push_ups/ucf101_dataset/good_quality/v_PushUps_g19_c02.avi,3.0,3.0588696002960205
v_PushUps_g19_c03.avi,/content/pushup-counter/UCF101_push_ups/ucf101_dataset/good_quality/v_PushUps_g19_c03.avi,3.0,3.058866500854492
v_PushUps_g19_c04.avi,/content/pushup-counter/UCF101_push_ups/ucf101_dataset/good_quality/v_PushUps_g19_c04.avi,3.0,3.058854103088379
v_PushUps_g20_c01.avi,/content/pushup-counter/UCF101_push_ups/ucf101_dataset/good_quality/v_PushUps_g20_c01.avi,4.0,3.0588274002075195
v_PushUps_g20_c04.avi,/content/pushup-counter/UCF101_push_ups/ucf101_dataset/good_quality/v_PushUps_g20_c04.avi,4.0,3.0588154792785645
v_PushUps_g22_c01.avi,/content/pushup-counter/UCF101_push_ups/ucf101_dataset/good_quality/v_PushUps_g22_c01.avi,2.0,3.058570384979248
v_PushUps_g22_c02.avi,/content/pushup-counter/UCF101_push_ups/ucf101_dataset/good_quality/v_PushUps_g22_c02.avi,4.0,3.0584702491760254
v_PushUps_g23_c01.avi,/content/pushup-counter/UCF101_push_ups/ucf101_dataset/good_quality/v_PushUps_g23_c01.avi,2.0,3.0585861206054688
v_PushUps_g23_c02.avi,/content/pushup-counter/UCF101_push_ups/ucf101_dataset/good_quality/v_PushUps_g23_c02.avi,2.0,3.058638572692871
v_PushUps_g23_c03.avi,/content/pushup-counter/UCF101_push_ups/ucf101_dataset/good_quality/v_PushUps_g23_c03.avi,2.0,3.058624029159546
v_PushUps_g23_c04.avi,/content/pushup-counter/UCF101_push_ups/ucf101_dataset/good_quality/v_PushUps_g23_c04.avi,2.0,3.058619976043701
v_PushUps_g24_c01.avi,/content/pushup-counter/UCF101_push_ups/ucf101_dataset/good_quality/v_PushUps_g24_c01.avi,2.0,3.059030771255493
v_PushUps_g24_c02.avi,/content/pushup-counter/UCF101_push_ups/ucf101_dataset/good_quality/v_PushUps_g24_c02.avi,2.0,3.0590333938598633
v_PushUps_g24_c03.avi,/content/pushup-counter/UCF101_push_ups/ucf101_dataset/good_quality/v_PushUps_g24_c03.avi,2.0,3.0590343475341797
v_PushUps_g24_c04.avi,/content/pushup-counter/UCF101_push_ups/ucf101_dataset/good_quality/v_PushUps_g24_c04.avi,2.0,3.059035539627075
v_PushUps_g25_c01.avi,/content/pushup-counter/UCF101_push_ups/ucf101_dataset/good_quality/v_PushUps_g25_c01.avi,2.0,3.0586235523223877
v_PushUps_g25_c02.avi,/content/pushup-counter/UCF101_push_ups/ucf101_dataset/good_quality/v_PushUps_g25_c02.avi,2.0,3.0586113929748535
v_PushUps_g25_c03.avi,/content/pushup-counter/UCF101_push_ups/ucf101_dataset/good_quality/v_PushUps_g25_c03.avi,2.0,3.058605194091797
v_PushUps_g25_c04.avi,/content/pushup-counter/UCF101_push_ups/ucf101_dataset/good_quality/v_PushUps_g25_c04.avi,2.0,3.058624267578125
_uGB6WqEsIw_0_10.mp4,/content/pushup-counter/Kinetics_push_ups/kinetics_pushups/_uGB6WqEsIw_0_10.mp4,7.0,3.0585384368896484
_XfaoGfQs-4_7_17.mp4,/content/pushup-counter/Kinetics_push_ups/kinetics_pushups/_XfaoGfQs-4_7_17.mp4,3.0,3.0581603050231934
-0NIbu2PBlM_29_39.mp4,/content/pushup-counter/Kinetics_push_ups/kinetics_pushups/-0NIbu2PBlM_29_39.mp4,5.0,3.0585007667541504
-3pjDfx73Aw_153_163.mp4,/content/pushup-counter/Kinetics_push_ups/kinetics_pushups/-3pjDfx73Aw_153_163.mp4,4.0,3.0584182739257812
-4H2Ub_l2QA_0_10.mp4,/content/pushup-counter/Kinetics_push_ups/kinetics_pushups/-4H2Ub_l2QA_0_10.mp4,6.0,3.0588788986206055
-7BiugaROUM_16_26.mp4,/content/pushup-counter/Kinetics_push_ups/kinetics_pushups/-7BiugaROUM_16_26.mp4,3.0,3.058131694793701
-8lISqb0S2s_0_10.mp4,/content/pushup-counter/Kinetics_push_ups/kinetics_pushups/-8lISqb0S2s_0_10.mp4,2.0,3.058751106262207
-51he86iZCY_916_926.mp4,/content/pushup-counter/Kinetics_push_ups/kinetics_pushups/-51he86iZCY_916_926.mp4,3.0,3.0585339069366455
-B2oGkg1qSI_12_22.mp4,/content/pushup-counter/Kinetics_push_ups/kinetics_pushups/-B2oGkg1qSI_12_22.mp4,3.0,3.0578298568725586
-bE4YjdJCGQ_0_10.mp4,/content/pushup-counter/Kinetics_push_ups/kinetics_pushups/-bE4YjdJCGQ_0_10.mp4,3.0,3.058616876602173
-ed2QplJMQw_0_10.mp4,/content/pushup-counter/Kinetics_push_ups/kinetics_pushups/-ed2QplJMQw_0_10.mp4,8.0,3.0589184761047363
-FYePzV1Bjc_49_59.mp4,/content/pushup-counter/Kinetics_push_ups/kinetics_pushups/-FYePzV1Bjc_49_59.mp4,2.0,3.0582854747772217
-KW8ptQGGXM_0_10.mp4,/content/pushup-counter/Kinetics_push_ups/kinetics_pushups/-KW8ptQGGXM_0_10.mp4,4.0,3.05851411819458
-rIzgTPyzpk_11_21.mp4,/content/pushup-counter/Kinetics_push_ups/kinetics_pushups/-rIzgTPyzpk_11_21.mp4,4.0,3.0582990646362305
-WTRl_h5XKg_118_128.mp4,/content/pushup-counter/Kinetics_push_ups/kinetics_pushups/-WTRl_h5XKg_118_128.mp4,7.0,3.0578219890594482
0aM2UxjMEts_13_23.mp4,/content/pushup-counter/Kinetics_push_ups/kinetics_pushups/0aM2UxjMEts_13_23.mp4,7.0,3.058415412902832
0hcQA5YDZKQ_10_20.mp4,/content/pushup-counter/Kinetics_push_ups/kinetics_pushups/0hcQA5YDZKQ_10_20.mp4,3.0,3.0581398010253906
0IjbF0M6qTU_3_13.mp4,/content/pushup-counter/Kinetics_push_ups/kinetics_pushups/0IjbF0M6qTU_3_13.mp4,5.0,3.0583512783050537
0jTjP2pXYQ0_0_10.mp4,/content/pushup-counter/Kinetics_push_ups/kinetics_pushups/0jTjP2pXYQ0_0_10.mp4,3.0,3.058685064315796
0k0hVTZkEhc_1_11.mp4,/content/pushup-counter/Kinetics_push_ups/kinetics_pushups/0k0hVTZkEhc_1_11.mp4,6.0,3.058628797531128
0KeaEynmSR8_62_72.mp4,/content/pushup-counter/Kinetics_push_ups/kinetics_pushups/0KeaEynmSR8_62_72.mp4,20.0,3.058755874633789
0KeaEynmSR8_69_79.mp4,/content/pushup-counter/Kinetics_push_ups/kinetics_pushups/0KeaEynmSR8_69_79.mp4,20.0,3.058654308319092
0lxcRpxPKH4_0_10.mp4,/content/pushup-counter/Kinetics_push_ups/kinetics_pushups/0lxcRpxPKH4_0_10.mp4,3.0,3.0587620735168457
0Q5nKgu2bmM_32_42.mp4,/content/pushup-counter/Kinetics_push_ups/kinetics_pushups/0Q5nKgu2bmM_32_42.mp4,3.0,3.0581119060516357
0z2kEQaf_kE_2_12.mp4,/content/pushup-counter/Kinetics_push_ups/kinetics_pushups/0z2kEQaf_kE_2_12.mp4,2.0,3.058542251586914
1-AEK5aYozE_34_44.mp4,/content/pushup-counter/Kinetics_push_ups/kinetics_pushups/1-AEK5aYozE_34_44.mp4,2.0,3.058382987976074
1ByGCqjw_wk_3_13.mp4,/content/pushup-counter/Kinetics_push_ups/kinetics_pushups/1ByGCqjw_wk_3_13.mp4,5.0,3.0582518577575684
1CMRbaNZVvM_70_80.mp4,/content/pushup-counter/Kinetics_push_ups/kinetics_pushups/1CMRbaNZVvM_70_80.mp4,1.0,3.0585339069366455
1fXvIheBY-o_5_15.mp4,/content/pushup-counter/Kinetics_push_ups/kinetics_pushups/1fXvIheBY-o_5_15.mp4,5.0,3.0579495429992676
1MlcxTw9eKA_213_223.mp4,/content/pushup-counter/Kinetics_push_ups/kinetics_pushups/1MlcxTw9eKA_213_223.mp4,3.0,3.0586180686950684
1TaZpm1NH9w_2_12.mp4,/content/pushup-counter/Kinetics_push_ups/kinetics_pushups/1TaZpm1NH9w_2_12.mp4,3.0,3.0546321868896484
1Ul9pLlPDfA_0_10.mp4,/content/pushup-counter/Kinetics_push_ups/kinetics_pushups/1Ul9pLlPDfA_0_10.mp4,3.0,3.0583839416503906
1V9US5NQqe0_105_115.mp4,/content/pushup-counter/Kinetics_push_ups/kinetics_pushups/1V9US5NQqe0_105_115.mp4,2.0,3.0582504272460938
1XoRXbRDxcY_16_26.mp4,/content/pushup-counter/Kinetics_push_ups/kinetics_pushups/1XoRXbRDxcY_16_26.mp4,15.0,3.0584969520568848
2-m13VKbJbU_5_15.mp4,/content/pushup-counter/Kinetics_push_ups/kinetics_pushups/2-m13VKbJbU_5_15.mp4,5.0,3.05837345123291
2dnt-8wmeds_1_11.mp4,/content/pushup-counter/Kinetics_push_ups/kinetics_pushups/2dnt-8wmeds_1_11.mp4,4.0,3.058199405670166
2gpYQfN3Wo0_305_315.mp4,/content/pushup-counter/Kinetics_push_ups/kinetics_pushups/2gpYQfN3Wo0_305_315.mp4,10.0,3.0587270259857178
2iOYL19SM1M_30_40.mp4,/content/pushup-counter/Kinetics_push_ups/kinetics_pushups/2iOYL19SM1M_30_40.mp4,3.0,3.058098077774048
2LKNATi7pWw_1_11.mp4,/content/pushup-counter/Kinetics_push_ups/kinetics_pushups/2LKNATi7pWw_1_11.mp4,4.0,3.0583791732788086
2m1U745pVp8_4_14.mp4,/content/pushup-counter/Kinetics_push_ups/kinetics_pushups/2m1U745pVp8_4_14.mp4,4.0,3.0583527088165283
2qa1avIsLaA_2_12.mp4,/content/pushup-counter/Kinetics_push_ups/kinetics_pushups/2qa1avIsLaA_2_12.mp4,6.0,3.0578603744506836
2V6zHS9McGE_9_19.mp4,/content/pushup-counter/Kinetics_push_ups/kinetics_pushups/2V6zHS9McGE_9_19.mp4,3.0,3.0585453510284424
2vZAl9Ylt64_23_33.mp4,/content/pushup-counter/Kinetics_push_ups/kinetics_pushups/2vZAl9Ylt64_23_33.mp4,5.0,3.058370590209961
2vzMmWX6fB8_9_19.mp4,/content/pushup-counter/Kinetics_push_ups/kinetics_pushups/2vzMmWX6fB8_9_19.mp4,2.0,3.0582544803619385
2wMk-qSPpLk_149_159.mp4,/content/pushup-counter/Kinetics_push_ups/kinetics_pushups/2wMk-qSPpLk_149_159.mp4,4.0,3.058295249938965
2x-4bgRvIHA_4_14.mp4,/content/pushup-counter/Kinetics_push_ups/kinetics_pushups/2x-4bgRvIHA_4_14.mp4,7.0,3.058258533477783
2zLotEoodhk_43_53.mp4,/content/pushup-counter/Kinetics_push_ups/kinetics_pushups/2zLotEoodhk_43_53.mp4,6.0,3.058340072631836
3c0hLqxvSSI_0_10.mp4,/content/pushup-counter/Kinetics_push_ups/kinetics_pushups/3c0hLqxvSSI_0_10.mp4,4.0,3.0586233139038086
3hjjlKAVieU_0_10.mp4,/content/pushup-counter/Kinetics_push_ups/kinetics_pushups/3hjjlKAVieU_0_10.mp4,4.0,3.058271884918213
3ND3t_F_Qn4_28_38.mp4,/content/pushup-counter/Kinetics_push_ups/kinetics_pushups/3ND3t_F_Qn4_28_38.mp4,11.0,3.0585923194885254
3RFdC8EqTyE_2_12.mp4,/content/pushup-counter/Kinetics_push_ups/kinetics_pushups/3RFdC8EqTyE_2_12.mp4,6.0,3.0576181411743164
4mq_wfSqEX4_4_14.mp4,/content/pushup-counter/Kinetics_push_ups/kinetics_pushups/4mq_wfSqEX4_4_14.mp4,8.0,3.058213710784912
04RBd7cy4gE_6_16.mp4,/content/pushup-counter/Kinetics_push_ups/kinetics_pushups/04RBd7cy4gE_6_16.mp4,3.0,3.058568239212036
4rVzE8sDKf8_19_29.mp4,/content/pushup-counter/Kinetics_push_ups/kinetics_pushups/4rVzE8sDKf8_19_29.mp4,3.0,3.0583410263061523
4s6xVt9PPIM_71_81.mp4,/content/pushup-counter/Kinetics_push_ups/kinetics_pushups/4s6xVt9PPIM_71_81.mp4,4.0,3.0578465461730957
4Tv6vI-rDGo_1_11.mp4,/content/pushup-counter/Kinetics_push_ups/kinetics_pushups/4Tv6vI-rDGo_1_11.mp4,5.0,3.057311534881592
5E3-5buOI6c_50_60.mp4,/content/pushup-counter/Kinetics_push_ups/kinetics_pushups/5E3-5buOI6c_50_60.mp4,3.0,3.058253765106201
5FbqnENoxq4_0_10.mp4,/content/pushup-counter/Kinetics_push_ups/kinetics_pushups/5FbqnENoxq4_0_10.mp4,4.0,3.0580804347991943
5hY8ekIX0yU_4_14.mp4,/content/pushup-counter/Kinetics_push_ups/kinetics_pushups/5hY8ekIX0yU_4_14.mp4,4.0,3.058350086212158
5iGrLityNZk_6_16.mp4,/content/pushup-counter/Kinetics_push_ups/kinetics_pushups/5iGrLityNZk_6_16.mp4,3.0,3.058237314224243
5iGrLityNZk_37_47.mp4,/content/pushup-counter/Kinetics_push_ups/kinetics_pushups/5iGrLityNZk_37_47.mp4,1.0,3.0578856468200684
5Lo6qH8gwHE_118_128.mp4,/content/pushup-counter/Kinetics_push_ups/kinetics_pushups/5Lo6qH8gwHE_118_128.mp4,6.0,3.0586228370666504
5RXFa-ifCnU_5_15.mp4,/content/pushup-counter/Kinetics_push_ups/kinetics_pushups/5RXFa-ifCnU_5_15.mp4,6.0,3.058138847351074
6C5NAKCA27Y_0_10.mp4,/content/pushup-counter/Kinetics_push_ups/kinetics_pushups/6C5NAKCA27Y_0_10.mp4,5.0,3.0575122833251953
06k6ZUaIAcg_9_19.mp4,/content/pushup-counter/Kinetics_push_ups/kinetics_pushups/06k6ZUaIAcg_9_19.mp4,3.0,3.058311939239502
6KBPiOCQsZM_24_34.mp4,/content/pushup-counter/Kinetics_push_ups/kinetics_pushups/6KBPiOCQsZM_24_34.mp4,2.0,3.0579419136047363
6LlQ37RCVUQ_0_10.mp4,/content/pushup-counter/Kinetics_push_ups/kinetics_pushups/6LlQ37RCVUQ_0_10.mp4,1.0,3.058563232421875
6QYNq1V9hCc_2_12.mp4,/content/pushup-counter/Kinetics_push_ups/kinetics_pushups/6QYNq1V9hCc_2_12.mp4,1.0,3.057523012161255
6UtIbwzJzv0_2_12.mp4,/content/pushup-counter/Kinetics_push_ups/kinetics_pushups/6UtIbwzJzv0_2_12.mp4,6.0,3.0585618019104004
06ydvG0KMdc_2_12.mp4,/content/pushup-counter/Kinetics_push_ups/kinetics_pushups/06ydvG0KMdc_2_12.mp4,3.0,3.058474063873291
7-oMB0k0sSM_317_327.mp4,/content/pushup-counter/Kinetics_push_ups/kinetics_pushups/7-oMB0k0sSM_317_327.mp4,3.0,3.0575122833251953
7-xF0MathuM_1_11.mp4,/content/pushup-counter/Kinetics_push_ups/kinetics_pushups/7-xF0MathuM_1_11.mp4,2.0,3.058495283126831
7bbexORFcbU_8_18.mp4,/content/pushup-counter/Kinetics_push_ups/kinetics_pushups/7bbexORFcbU_8_18.mp4,1.0,3.0572519302368164
07eq1ZyNg_U_18_28.mp4,/content/pushup-counter/Kinetics_push_ups/kinetics_pushups/07eq1ZyNg_U_18_28.mp4,10.0,3.0584793090820312
7iugnpaQI38_8_18.mp4,/content/pushup-counter/Kinetics_push_ups/kinetics_pushups/7iugnpaQI38_8_18.mp4,5.0,3.058279275894165
7KyaP2kanxI_0_10.mp4,/content/pushup-counter/Kinetics_push_ups/kinetics_pushups/7KyaP2kanxI_0_10.mp4,2.0,3.0586471557617188
7SLhk7mgozA_150_160.mp4,/content/pushup-counter/Kinetics_push_ups/kinetics_pushups/7SLhk7mgozA_150_160.mp4,10.0,3.0582752227783203
7wDqltRbJlM_25_35.mp4,/content/pushup-counter/Kinetics_push_ups/kinetics_pushups/7wDqltRbJlM_25_35.mp4,4.0,3.058350086212158
8CphZdSZRuY_10_20.mp4,/content/pushup-counter/Kinetics_push_ups/kinetics_pushups/8CphZdSZRuY_10_20.mp4,5.0,3.0577971935272217
8H4Owlk0qOs_24_34.mp4,/content/pushup-counter/Kinetics_push_ups/kinetics_pushups/8H4Owlk0qOs_24_34.mp4,3.0,3.0583934783935547
8H6PoVJHiBk_75_85.mp4,/content/pushup-counter/Kinetics_push_ups/kinetics_pushups/8H6PoVJHiBk_75_85.mp4,4.0,3.0582633018493652
8i5iZdDLK2k_4_14.mp4,/content/pushup-counter/Kinetics_push_ups/kinetics_pushups/8i5iZdDLK2k_4_14.mp4,2.0,3.0583975315093994
8k_yFyO0gw8_0_10.mp4,/content/pushup-counter/Kinetics_push_ups/kinetics_pushups/8k_yFyO0gw8_0_10.mp4,6.0,3.0587007999420166
8pOFA5MeO1Y_14_24.mp4,/content/pushup-counter/Kinetics_push_ups/kinetics_pushups/8pOFA5MeO1Y_14_24.mp4,11.0,3.058222770690918
8QHMbWwigxw_0_10.mp4,/content/pushup-counter/Kinetics_push_ups/kinetics_pushups/8QHMbWwigxw_0_10.mp4,3.0,3.0584921836853027
9BVDtOrkywI_79_89.mp4,/content/pushup-counter/Kinetics_push_ups/kinetics_pushups/9BVDtOrkywI_79_89.mp4,4.0,3.0584280490875244
9CO1Qz3vbQI_0_10.mp4,/content/pushup-counter/Kinetics_push_ups/kinetics_pushups/9CO1Qz3vbQI_0_10.mp4,6.0,3.058758020401001
9D0XkGNKVMw_14_24.mp4,/content/pushup-counter/Kinetics_push_ups/kinetics_pushups/9D0XkGNKVMw_14_24.mp4,2.0,3.058342456817627
9qLtqTCf-nI_6_16.mp4,/content/pushup-counter/Kinetics_push_ups/kinetics_pushups/9qLtqTCf-nI_6_16.mp4,5.0,3.057981014251709
14GlmxFfj0s_39_49.mp4,/content/pushup-counter/Kinetics_push_ups/kinetics_pushups/14GlmxFfj0s_39_49.mp4,3.0,3.0587525367736816
16lUu2tZooc_22_32.mp4,/content/pushup-counter/Kinetics_push_ups/kinetics_pushups/16lUu2tZooc_22_32.mp4,3.0,3.058030605316162
19lxJWDYgI8_8_18.mp4,/content/pushup-counter/Kinetics_push_ups/kinetics_pushups/19lxJWDYgI8_8_18.mp4,2.0,3.0585508346557617
20NbyTPAm54_83_93.mp4,/content/pushup-counter/Kinetics_push_ups/kinetics_pushups/20NbyTPAm54_83_93.mp4,6.0,3.0584537982940674
52W2CuJhDZs_0_10.mp4,/content/pushup-counter/Kinetics_push_ups/kinetics_pushups/52W2CuJhDZs_0_10.mp4,3.0,3.058562994003296
59lgrB3Fguc_0_10.mp4,/content/pushup-counter/Kinetics_push_ups/kinetics_pushups/59lgrB3Fguc_0_10.mp4,3.0,3.0586400032043457
63aP2dZHP9o_130_140.mp4,/content/pushup-counter/Kinetics_push_ups/kinetics_pushups/63aP2dZHP9o_130_140.mp4,1.0,3.0583486557006836
66LQNxaNbd8_0_10.mp4,/content/pushup-counter/Kinetics_push_ups/kinetics_pushups/66LQNxaNbd8_0_10.mp4,3.0,3.058530330657959
99oTaq3Frdk_0_10.mp4,/content/pushup-counter/Kinetics_push_ups/kinetics_pushups/99oTaq3Frdk_0_10.mp4,5.0,3.05776309967041
122r0oQm_gg_14_24.mp4,/content/pushup-counter/Kinetics_push_ups/kinetics_pushups/122r0oQm_gg_14_24.mp4,3.0,3.0584752559661865
493Ma3Uo-rg_0_10.mp4,/content/pushup-counter/Kinetics_push_ups/kinetics_pushups/493Ma3Uo-rg_0_10.mp4,2.0,3.058824062347412
633UYC0HnsI_18_28.mp4,/content/pushup-counter/Kinetics_push_ups/kinetics_pushups/633UYC0HnsI_18_28.mp4,3.0,3.0587000846862793
a1StEBBq5k4_4_14.mp4,/content/pushup-counter/Kinetics_push_ups/kinetics_pushups/a1StEBBq5k4_4_14.mp4,7.0,3.0583457946777344
A7PlyD4IUeA_21_31.mp4,/content/pushup-counter/Kinetics_push_ups/kinetics_pushups/A7PlyD4IUeA_21_31.mp4,2.0,3.0582528114318848
A8SWnqv9u5c_45_55.mp4,/content/pushup-counter/Kinetics_push_ups/kinetics_pushups/A8SWnqv9u5c_45_55.mp4,5.0,3.0585217475891113
a105_GJe6io_3_13.mp4,/content/pushup-counter/Kinetics_push_ups/kinetics_pushups/a105_GJe6io_3_13.mp4,6.0,3.0583620071411133
aAgpx_Kzk7E_1_11.mp4,/content/pushup-counter/Kinetics_push_ups/kinetics_pushups/aAgpx_Kzk7E_1_11.mp4,4.0,3.058542251586914
abgmV0xuCrk_0_10.mp4,/content/pushup-counter/Kinetics_push_ups/kinetics_pushups/abgmV0xuCrk_0_10.mp4,5.0,3.058506488800049
aEkXO_5rPjI_10_20.mp4,/content/pushup-counter/Kinetics_push_ups/kinetics_pushups/aEkXO_5rPjI_10_20.mp4,3.0,3.055715799331665
AFF5uioXScE_3_13.mp4,/content/pushup-counter/Kinetics_push_ups/kinetics_pushups/AFF5uioXScE_3_13.mp4,2.0,3.0580499172210693
AG89mHY2_Ww_37_47.mp4,/content/pushup-counter/Kinetics_push_ups/kinetics_pushups/AG89mHY2_Ww_37_47.mp4,2.0,3.057753086090088
ahVgLgJEwS8_2_12.mp4,/content/pushup-counter/Kinetics_push_ups/kinetics_pushups/ahVgLgJEwS8_2_12.mp4,3.0,3.0586276054382324
aIu8LKTVq9I_14_24.mp4,/content/pushup-counter/Kinetics_push_ups/kinetics_pushups/aIu8LKTVq9I_14_24.mp4,1.0,3.058495044708252
Ao7exaIcpaY_451_461.mp4,/content/pushup-counter/Kinetics_push_ups/kinetics_pushups/Ao7exaIcpaY_451_461.mp4,3.0,3.0584864616394043
aOX-mQhksLg_27_37.mp4,/content/pushup-counter/Kinetics_push_ups/kinetics_pushups/aOX-mQhksLg_27_37.mp4,5.0,3.057941436767578
aQwnHLo6BR0_49_59.mp4,/content/pushup-counter/Kinetics_push_ups/kinetics_pushups/aQwnHLo6BR0_49_59.mp4,4.0,3.058310031890869
AzcJ2cfMchQ_30_40.mp4,/content/pushup-counter/Kinetics_push_ups/kinetics_pushups/AzcJ2cfMchQ_30_40.mp4,2.0,3.0583484172821045
AzcJ2cfMchQ_36_46.mp4,/content/pushup-counter/Kinetics_push_ups/kinetics_pushups/AzcJ2cfMchQ_36_46.mp4,3.0,3.0583109855651855
bA8C6pJjHMc_3_13.mp4,/content/pushup-counter/Kinetics_push_ups/kinetics_pushups/bA8C6pJjHMc_3_13.mp4,4.0,3.0585410594940186
BbuD7f75Ytk_4_14.mp4,/content/pushup-counter/Kinetics_push_ups/kinetics_pushups/BbuD7f75Ytk_4_14.mp4,3.0,3.0580873489379883
BffXJOy8NDc_50_60.mp4,/content/pushup-counter/Kinetics_push_ups/kinetics_pushups/BffXJOy8NDc_50_60.mp4,2.0,3.0584912300109863
bpreIIDbeHA_174_184.mp4,/content/pushup-counter/Kinetics_push_ups/kinetics_pushups/bpreIIDbeHA_174_184.mp4,2.0,3.0583786964416504
brt-4ty7Jyo_0_10.mp4,/content/pushup-counter/Kinetics_push_ups/kinetics_pushups/brt-4ty7Jyo_0_10.mp4,4.0,3.058400869369507
bx4oG5Towdg_241_251.mp4,/content/pushup-counter/Kinetics_push_ups/kinetics_pushups/bx4oG5Towdg_241_251.mp4,3.0,3.058321952819824
bxNPX5dyZro_9_19.mp4,/content/pushup-counter/Kinetics_push_ups/kinetics_pushups/bxNPX5dyZro_9_19.mp4,3.0,3.0581178665161133
c-hWu2FpKZE_0_10.mp4,/content/pushup-counter/Kinetics_push_ups/kinetics_pushups/c-hWu2FpKZE_0_10.mp4,2.0,3.058382034301758
C7eF-MQdX1E_97_107.mp4,/content/pushup-counter/Kinetics_push_ups/kinetics_pushups/C7eF-MQdX1E_97_107.mp4,4.0,3.058342456817627
C45Bm3ZpuLA_1_11.mp4,/content/pushup-counter/Kinetics_push_ups/kinetics_pushups/C45Bm3ZpuLA_1_11.mp4,5.0,3.058516502380371
CAH4cRCvuqA_29_39.mp4,/content/pushup-counter/Kinetics_push_ups/kinetics_pushups/CAH4cRCvuqA_29_39.mp4,3.0,3.0584399700164795
citJmR0YiC4_12_22.mp4,/content/pushup-counter/Kinetics_push_ups/kinetics_pushups/citJmR0YiC4_12_22.mp4,7.0,3.058614730834961
CmHZWzo5wSk_24_34.mp4,/content/pushup-counter/Kinetics_push_ups/kinetics_pushups/CmHZWzo5wSk_24_34.mp4,2.0,3.058248996734619
CnJ34LAjYjw_1_11.mp4,/content/pushup-counter/Kinetics_push_ups/kinetics_pushups/CnJ34LAjYjw_1_11.mp4,5.0,3.058501720428467
Ct864RaeMiw_65_75.mp4,/content/pushup-counter/Kinetics_push_ups/kinetics_pushups/Ct864RaeMiw_65_75.mp4,1.0,3.057525157928467
cW0lK3b7zhA_177_187.mp4,/content/pushup-counter/Kinetics_push_ups/kinetics_pushups/cW0lK3b7zhA_177_187.mp4,2.0,3.058403730392456
cZb7Z0t0q6E_0_10.mp4,/content/pushup-counter/Kinetics_push_ups/kinetics_pushups/cZb7Z0t0q6E_0_10.mp4,2.0,3.058598756790161
d2GoRYlUq3Q_14_24.mp4,/content/pushup-counter/Kinetics_push_ups/kinetics_pushups/d2GoRYlUq3Q_14_24.mp4,14.0,3.058448553085327
d3wAbcqv07c_76_86.mp4,/content/pushup-counter/Kinetics_push_ups/kinetics_pushups/d3wAbcqv07c_76_86.mp4,2.0,3.0579428672790527
d8b9uhan7Iw_0_10.mp4,/content/pushup-counter/Kinetics_push_ups/kinetics_pushups/d8b9uhan7Iw_0_10.mp4,5.0,3.0588250160217285
d8N_VaIxLQM_102_112.mp4,/content/pushup-counter/Kinetics_push_ups/kinetics_pushups/d8N_VaIxLQM_102_112.mp4,6.0,3.057582139968872
DA6N2ebQ8WA_13_23.mp4,/content/pushup-counter/Kinetics_push_ups/kinetics_pushups/DA6N2ebQ8WA_13_23.mp4,2.0,3.0567805767059326
Dc30U3MAzWU_0_10.mp4,/content/pushup-counter/Kinetics_push_ups/kinetics_pushups/Dc30U3MAzWU_0_10.mp4,3.0,3.0591719150543213
DcB97BukTf0_20_30.mp4,/content/pushup-counter/Kinetics_push_ups/kinetics_pushups/DcB97BukTf0_20_30.mp4,7.0,3.05838942527771
DdXdcUETX1w_16_26.mp4,/content/pushup-counter/Kinetics_push_ups/kinetics_pushups/DdXdcUETX1w_16_26.mp4,2.0,3.058225631713867
dGbdojhlBAw_0_10.mp4,/content/pushup-counter/Kinetics_push_ups/kinetics_pushups/dGbdojhlBAw_0_10.mp4,10.0,3.058602809906006
dgy8Pa30hnk_16_26.mp4,/content/pushup-counter/Kinetics_push_ups/kinetics_pushups/dgy8Pa30hnk_16_26.mp4,4.0,3.0580689907073975
dh7h-JxMpvE_14_24.mp4,/content/pushup-counter/Kinetics_push_ups/kinetics_pushups/dh7h-JxMpvE_14_24.mp4,3.0,3.0584447383880615
dKrwUsC7cZw_49_59.mp4,/content/pushup-counter/Kinetics_push_ups/kinetics_pushups/dKrwUsC7cZw_49_59.mp4,1.0,3.0586700439453125
DphAywxqzZg_345_355.mp4,/content/pushup-counter/Kinetics_push_ups/kinetics_pushups/DphAywxqzZg_345_355.mp4,1.0,3.0584070682525635
DSlmPd3L_i8_24_34.mp4,/content/pushup-counter/Kinetics_push_ups/kinetics_pushups/DSlmPd3L_i8_24_34.mp4,3.0,3.0583505630493164
DUZytjxw5Ho_25_35.mp4,/content/pushup-counter/Kinetics_push_ups/kinetics_pushups/DUZytjxw5Ho_25_35.mp4,8.0,3.05849552154541
e4HcBugmx-Q_8_18.mp4,/content/pushup-counter/Kinetics_push_ups/kinetics_pushups/e4HcBugmx-Q_8_18.mp4,2.0,3.0582830905914307
e6x3OqtXt90_16_26.mp4,/content/pushup-counter/Kinetics_push_ups/kinetics_pushups/e6x3OqtXt90_16_26.mp4,5.0,3.0583221912384033
eCJQXspc-wc_7_17.mp4,/content/pushup-counter/Kinetics_push_ups/kinetics_pushups/eCJQXspc-wc_7_17.mp4,2.0,3.058593511581421
ecNPrSc9alc_37_47.mp4,/content/pushup-counter/Kinetics_push_ups/kinetics_pushups/ecNPrSc9alc_37_47.mp4,13.0,3.0583548545837402
eCVbKZ0U3C8_0_10.mp4,/content/pushup-counter/Kinetics_push_ups/kinetics_pushups/eCVbKZ0U3C8_0_10.mp4,4.0,3.0585365295410156
EdyNtkH2C24_0_10.mp4,/content/pushup-counter/Kinetics_push_ups/kinetics_pushups/EdyNtkH2C24_0_10.mp4,4.0,3.058460235595703
eeu8neb0ySY_13_23.mp4,/content/pushup-counter/Kinetics_push_ups/kinetics_pushups/eeu8neb0ySY_13_23.mp4,2.0,3.058598756790161
EGiiiVb2Dkw_0_10.mp4,/content/pushup-counter/Kinetics_push_ups/kinetics_pushups/EGiiiVb2Dkw_0_10.mp4,1.0,3.0580902099609375
EiwOvQm_Xp4_56_66.mp4,/content/pushup-counter/Kinetics_push_ups/kinetics_pushups/EiwOvQm_Xp4_56_66.mp4,3.0,3.0581929683685303
EJhB3-XRdeo_126_136.mp4,/content/pushup-counter/Kinetics_push_ups/kinetics_pushups/EJhB3-XRdeo_126_136.mp4,3.0,3.058717727661133
EpTeVtoil5M_14_24.mp4,/content/pushup-counter/Kinetics_push_ups/kinetics_pushups/EpTeVtoil5M_14_24.mp4,2.0,3.058152675628662
ePufqKBEmUI_6_16.mp4,/content/pushup-counter/Kinetics_push_ups/kinetics_pushups/ePufqKBEmUI_6_16.mp4,2.0,3.0585060119628906
ErGscxt3t_Q_61_71.mp4,/content/pushup-counter/Kinetics_push_ups/kinetics_pushups/ErGscxt3t_Q_61_71.mp4,7.0,3.058065891265869
EyobFLJAnGI_0_10.mp4,/content/pushup-counter/Kinetics_push_ups/kinetics_pushups/EyobFLJAnGI_0_10.mp4,3.0,3.0584778785705566
EYYMoKcM2gg_11_21.mp4,/content/pushup-counter/Kinetics_push_ups/kinetics_pushups/EYYMoKcM2gg_11_21.mp4,4.0,3.05893874168396
f2AfRV7qCnE_6_16.mp4,/content/pushup-counter/Kinetics_push_ups/kinetics_pushups/f2AfRV7qCnE_6_16.mp4,4.0,3.058584213256836
f7VIvtIoAVQ_17_27.mp4,/content/pushup-counter/Kinetics_push_ups/kinetics_pushups/f7VIvtIoAVQ_17_27.mp4,10.0,3.058455467224121
F8RYNgIN_sE_31_41.mp4,/content/pushup-counter/Kinetics_push_ups/kinetics_pushups/F8RYNgIN_sE_31_41.mp4,3.0,3.057560443878174
FeDaSuSHKAI_29_39.mp4,/content/pushup-counter/Kinetics_push_ups/kinetics_pushups/FeDaSuSHKAI_29_39.mp4,7.0,3.0583291053771973
FeMbpdN-s7o_36_46.mp4,/content/pushup-counter/Kinetics_push_ups/kinetics_pushups/FeMbpdN-s7o_36_46.mp4,3.0,3.057878017425537
fgmgnZZI3Dc_3_13.mp4,/content/pushup-counter/Kinetics_push_ups/kinetics_pushups/fgmgnZZI3Dc_3_13.mp4,2.0,3.0586023330688477
FIY9yDhVSRk_2_12.mp4,/content/pushup-counter/Kinetics_push_ups/kinetics_pushups/FIY9yDhVSRk_2_12.mp4,6.0,3.057715892791748
fJP6gMdTpKA_1_11.mp4,/content/pushup-counter/Kinetics_push_ups/kinetics_pushups/fJP6gMdTpKA_1_11.mp4,5.0,3.0580978393554688
fk-tqgLL4cg_1_11.mp4,/content/pushup-counter/Kinetics_push_ups/kinetics_pushups/fk-tqgLL4cg_1_11.mp4,6.0,3.058704376220703
FnYAtsYJTBE_10_20.mp4,/content/pushup-counter/Kinetics_push_ups/kinetics_pushups/FnYAtsYJTBE_10_20.mp4,4.0,3.058349847793579
fy6Gs9udtzo_91_101.mp4,/content/pushup-counter/Kinetics_push_ups/kinetics_pushups/fy6Gs9udtzo_91_101.mp4,2.0,3.0587680339813232
fZ495Xjbtw8_19_29.mp4,/content/pushup-counter/Kinetics_push_ups/kinetics_pushups/fZ495Xjbtw8_19_29.mp4,6.0,3.058232545852661
G0hZD0DGeTA_2_12.mp4,/content/pushup-counter/Kinetics_push_ups/kinetics_pushups/G0hZD0DGeTA_2_12.mp4,3.0,3.0583715438842773
G0ktoCu5SrY_19_29.mp4,/content/pushup-counter/Kinetics_push_ups/kinetics_pushups/G0ktoCu5SrY_19_29.mp4,3.0,3.058293581008911
GD1aUf-hEZE_0_10.mp4,/content/pushup-counter/Kinetics_push_ups/kinetics_pushups/GD1aUf-hEZE_0_10.mp4,3.0,3.0579118728637695
GHvCLvOGOHs_42_52.mp4,/content/pushup-counter/Kinetics_push_ups/kinetics_pushups/GHvCLvOGOHs_42_52.mp4,4.0,3.058568239212036
gRfLPb04zgE_38_48.mp4,/content/pushup-counter/Kinetics_push_ups/kinetics_pushups/gRfLPb04zgE_38_48.mp4,1.0,3.05859375
gunrbtpgbdg_2_12.mp4,/content/pushup-counter/Kinetics_push_ups/kinetics_pushups/gunrbtpgbdg_2_12.mp4,4.0,3.0584588050842285
GWQGZVQD7B8_3_13.mp4,/content/pushup-counter/Kinetics_push_ups/kinetics_pushups/GWQGZVQD7B8_3_13.mp4,1.0,3.0581443309783936
GXIivMvKS34_0_10.mp4,/content/pushup-counter/Kinetics_push_ups/kinetics_pushups/GXIivMvKS34_0_10.mp4,3.0,3.0581750869750977
H_fTQGPuQN4_5_15.mp4,/content/pushup-counter/Kinetics_push_ups/kinetics_pushups/H_fTQGPuQN4_5_15.mp4,4.0,3.0578227043151855
H02cB4nt3mk_3_13.mp4,/content/pushup-counter/Kinetics_push_ups/kinetics_pushups/H02cB4nt3mk_3_13.mp4,4.0,3.0580251216888428
h5a9VmGIiyg_0_10.mp4,/content/pushup-counter/Kinetics_push_ups/kinetics_pushups/h5a9VmGIiyg_0_10.mp4,1.0,3.0587000846862793
h7e6sp9tS6I_212_222.mp4,/content/pushup-counter/Kinetics_push_ups/kinetics_pushups/h7e6sp9tS6I_212_222.mp4,4.0,3.0581912994384766
h9m7Jsw5vrw_46_56.mp4,/content/pushup-counter/Kinetics_push_ups/kinetics_pushups/h9m7Jsw5vrw_46_56.mp4,2.0,3.0585198402404785
hAewFLKQIFw_26_36.mp4,/content/pushup-counter/Kinetics_push_ups/kinetics_pushups/hAewFLKQIFw_26_36.mp4,2.0,3.059122085571289
hAgbDqpZxco_0_10.mp4,/content/pushup-counter/Kinetics_push_ups/kinetics_pushups/hAgbDqpZxco_0_10.mp4,5.0,3.057875633239746
HC0Zfmb0BaA_18_28.mp4,/content/pushup-counter/Kinetics_push_ups/kinetics_pushups/HC0Zfmb0BaA_18_28.mp4,1.0,3.0588085651397705
hDKzbLiN7H0_0_10.mp4,/content/pushup-counter/Kinetics_push_ups/kinetics_pushups/hDKzbLiN7H0_0_10.mp4,5.0,3.058816909790039
hE65D6qZAnA_30_40.mp4,/content/pushup-counter/Kinetics_push_ups/kinetics_pushups/hE65D6qZAnA_30_40.mp4,2.0,3.05828595161438
HeDKIDxk1oA_7_17.mp4,/content/pushup-counter/Kinetics_push_ups/kinetics_pushups/HeDKIDxk1oA_7_17.mp4,3.0,3.058689832687378
heNyItd8seA_16_26.mp4,/content/pushup-counter/Kinetics_push_ups/kinetics_pushups/heNyItd8seA_16_26.mp4,3.0,3.058666706085205
Her-N-H0XuA_0_10.mp4,/content/pushup-counter/Kinetics_push_ups/kinetics_pushups/Her-N-H0XuA_0_10.mp4,3.0,3.0587480068206787
hmmHo5cNFLI_10_20.mp4,/content/pushup-counter/Kinetics_push_ups/kinetics_pushups/hmmHo5cNFLI_10_20.mp4,3.0,3.0584816932678223
HNLI2ZvzEWM_41_51.mp4,/content/pushup-counter/Kinetics_push_ups/kinetics_pushups/HNLI2ZvzEWM_41_51.mp4,3.0,3.0577878952026367
hQyEgnYwNxg_35_45.mp4,/content/pushup-counter/Kinetics_push_ups/kinetics_pushups/hQyEgnYwNxg_35_45.mp4,2.0,3.056692600250244
HRSq5obReKM_19_29.mp4,/content/pushup-counter/Kinetics_push_ups/kinetics_pushups/HRSq5obReKM_19_29.mp4,0.0,3.057816982269287
hRYUL45dn_E_7_17.mp4,/content/pushup-counter/Kinetics_push_ups/kinetics_pushups/hRYUL45dn_E_7_17.mp4,3.0,3.0584840774536133
hV54y8BVEtY_41_51.mp4,/content/pushup-counter/Kinetics_push_ups/kinetics_pushups/hV54y8BVEtY_41_51.mp4,2.0,3.0584397315979004
I-jJ9s5E2xc_13_23.mp4,/content/pushup-counter/Kinetics_push_ups/kinetics_pushups/I-jJ9s5E2xc_13_23.mp4,3.0,3.0582351684570312
I5G1QTNDz0g_0_10.mp4,/content/pushup-counter/Kinetics_push_ups/kinetics_pushups/I5G1QTNDz0g_0_10.mp4,3.0,3.0586280822753906
I5x_x9JJM-I_2_12.mp4,/content/pushup-counter/Kinetics_push_ups/kinetics_pushups/I5x_x9JJM-I_2_12.mp4,1.0,3.058131456375122
I5XqdyALN2A_0_10.mp4,/content/pushup-counter/Kinetics_push_ups/kinetics_pushups/I5XqdyALN2A_0_10.mp4,2.0,3.0588667392730713
IcvUt_OzhZE_19_29.mp4,/content/pushup-counter/Kinetics_push_ups/kinetics_pushups/IcvUt_OzhZE_19_29.mp4,5.0,3.0584049224853516
Id6sSnT2Ug4_42_52.mp4,/content/pushup-counter/Kinetics_push_ups/kinetics_pushups/Id6sSnT2Ug4_42_52.mp4,2.0,3.0582785606384277
iddpK2alMlk_25_35.mp4,/content/pushup-counter/Kinetics_push_ups/kinetics_pushups/iddpK2alMlk_25_35.mp4,1.0,3.058090925216675
IfegrA6-d6I_21_31.mp4,/content/pushup-counter/Kinetics_push_ups/kinetics_pushups/IfegrA6-d6I_21_31.mp4,2.0,3.0585179328918457
IftIfrU5Xxk_23_33.mp4,/content/pushup-counter/Kinetics_push_ups/kinetics_pushups/IftIfrU5Xxk_23_33.mp4,3.0,3.058424711227417
IGa1LkBsHr0_0_10.mp4,/content/pushup-counter/Kinetics_push_ups/kinetics_pushups/IGa1LkBsHr0_0_10.mp4,3.0,3.057522773742676
iL0ciQyeupo_20_30.mp4,/content/pushup-counter/Kinetics_push_ups/kinetics_pushups/iL0ciQyeupo_20_30.mp4,6.0,3.0583174228668213
imikv4cDp0Y_1_11.mp4,/content/pushup-counter/Kinetics_push_ups/kinetics_pushups/imikv4cDp0Y_1_11.mp4,3.0,3.058382511138916
IMuD2wN4lY0_6_16.mp4,/content/pushup-counter/Kinetics_push_ups/kinetics_pushups/IMuD2wN4lY0_6_16.mp4,3.0,3.0577139854431152
IRrKUEZ_zFA_31_41.mp4,/content/pushup-counter/Kinetics_push_ups/kinetics_pushups/IRrKUEZ_zFA_31_41.mp4,3.0,3.0578746795654297
IzAJOfpd67s_275_285.mp4,/content/pushup-counter/Kinetics_push_ups/kinetics_pushups/IzAJOfpd67s_275_285.mp4,10.0,3.0585227012634277
J1pEqEB10lA_11_21.mp4,/content/pushup-counter/Kinetics_push_ups/kinetics_pushups/J1pEqEB10lA_11_21.mp4,6.0,3.058462619781494
j6K-OdS6nYM_118_128.mp4,/content/pushup-counter/Kinetics_push_ups/kinetics_pushups/j6K-OdS6nYM_118_128.mp4,3.0,3.058410882949829
J7JCSqOlgIY_2_12.mp4,/content/pushup-counter/Kinetics_push_ups/kinetics_pushups/J7JCSqOlgIY_2_12.mp4,3.0,3.0584285259246826
jaFmhTBDyB0_2_12.mp4,/content/pushup-counter/Kinetics_push_ups/kinetics_pushups/jaFmhTBDyB0_2_12.mp4,2.0,3.0582151412963867
JarpK29XZBo_6_16.mp4,/content/pushup-counter/Kinetics_push_ups/kinetics_pushups/JarpK29XZBo_6_16.mp4,5.0,3.0583624839782715
JDUg1jsXunE_2_12.mp4,/content/pushup-counter/Kinetics_push_ups/kinetics_pushups/JDUg1jsXunE_2_12.mp4,6.0,3.0584685802459717
jGbDC5Bvkqw_10_20.mp4,/content/pushup-counter/Kinetics_push_ups/kinetics_pushups/jGbDC5Bvkqw_10_20.mp4,2.0,3.0581552982330322
jKekHUoL-_c_25_35.mp4,/content/pushup-counter/Kinetics_push_ups/kinetics_pushups/jKekHUoL-_c_25_35.mp4,11.0,3.058257818222046
jmZprmUfl10_91_101.mp4,/content/pushup-counter/Kinetics_push_ups/kinetics_pushups/jmZprmUfl10_91_101.mp4,12.0,3.058978796005249
JtkK96CqdKc_19_29.mp4,/content/pushup-counter/Kinetics_push_ups/kinetics_pushups/JtkK96CqdKc_19_29.mp4,2.0,3.0586063861846924
JTPkh1IhcVw_0_10.mp4,/content/pushup-counter/Kinetics_push_ups/kinetics_pushups/JTPkh1IhcVw_0_10.mp4,3.0,3.058530807495117
k6L9rOpJ2Vg_0_10.mp4,/content/pushup-counter/Kinetics_push_ups/kinetics_pushups/k6L9rOpJ2Vg_0_10.mp4,4.0,3.0574517250061035
k8Wu6kW3WZA_10_20.mp4,/content/pushup-counter/Kinetics_push_ups/kinetics_pushups/k8Wu6kW3WZA_10_20.mp4,4.0,3.0583443641662598
KA90xA6zgrU_0_10.mp4,/content/pushup-counter/Kinetics_push_ups/kinetics_pushups/KA90xA6zgrU_0_10.mp4,4.0,3.058851718902588
Kd7eUjnFozQ_63_73.mp4,/content/pushup-counter/Kinetics_push_ups/kinetics_pushups/Kd7eUjnFozQ_63_73.mp4,6.0,3.058375835418701
kdGbzGC7ges_12_22.mp4,/content/pushup-counter/Kinetics_push_ups/kinetics_pushups/kdGbzGC7ges_12_22.mp4,1.0,3.0583243370056152
kG7YKyngVLU_10_20.mp4,/content/pushup-counter/Kinetics_push_ups/kinetics_pushups/kG7YKyngVLU_10_20.mp4,4.0,3.0581002235412598
KgVV9ckag34_46_56.mp4,/content/pushup-counter/Kinetics_push_ups/kinetics_pushups/KgVV9ckag34_46_56.mp4,6.0,3.058492422103882
KhPZydhpd0I_3_13.mp4,/content/pushup-counter/Kinetics_push_ups/kinetics_pushups/KhPZydhpd0I_3_13.mp4,3.0,3.0585808753967285
KhQz0KW3JSY_42_52.mp4,/content/pushup-counter/Kinetics_push_ups/kinetics_pushups/KhQz0KW3JSY_42_52.mp4,5.0,3.0583205223083496
ktlUya-qgIU_13_23.mp4,/content/pushup-counter/Kinetics_push_ups/kinetics_pushups/ktlUya-qgIU_13_23.mp4,14.0,3.0581955909729004
kxv73he4kDU_31_41.mp4,/content/pushup-counter/Kinetics_push_ups/kinetics_pushups/kxv73he4kDU_31_41.mp4,10.0,3.05802583694458
kzENwfp17Co_180_190.mp4,/content/pushup-counter/Kinetics_push_ups/kinetics_pushups/kzENwfp17Co_180_190.mp4,3.0,3.0583624839782715
L5ziUZUi_bc_10_20.mp4,/content/pushup-counter/Kinetics_push_ups/kinetics_pushups/L5ziUZUi_bc_10_20.mp4,13.0,3.058232307434082
Lc5aGZHRNss_19_29.mp4,/content/pushup-counter/Kinetics_push_ups/kinetics_pushups/Lc5aGZHRNss_19_29.mp4,3.0,3.058086395263672
lfzFLLVloXI_36_46.mp4,/content/pushup-counter/Kinetics_push_ups/kinetics_pushups/lfzFLLVloXI_36_46.mp4,3.0,3.05843448638916
LGQnX-yR45c_24_34.mp4,/content/pushup-counter/Kinetics_push_ups/kinetics_pushups/LGQnX-yR45c_24_34.mp4,4.0,3.0583338737487793
LHBPVOH-HP0_17_27.mp4,/content/pushup-counter/Kinetics_push_ups/kinetics_pushups/LHBPVOH-HP0_17_27.mp4,3.0,3.0577783584594727
lHeiPcvtEpg_136_146.mp4,/content/pushup-counter/Kinetics_push_ups/kinetics_pushups/lHeiPcvtEpg_136_146.mp4,5.0,3.0582432746887207
LWIxVuu-4qo_16_26.mp4,/content/pushup-counter/Kinetics_push_ups/kinetics_pushups/LWIxVuu-4qo_16_26.mp4,5.0,3.0582022666931152
lzt0XVSv9yc_6_16.mp4,/content/pushup-counter/Kinetics_push_ups/kinetics_pushups/lzt0XVSv9yc_6_16.mp4,5.0,3.0584235191345215
m2It8oXLsE0_3_13.mp4,/content/pushup-counter/Kinetics_push_ups/kinetics_pushups/m2It8oXLsE0_3_13.mp4,1.0,3.0582690238952637
M2ryf1p9Lgs_1_11.mp4,/content/pushup-counter/Kinetics_push_ups/kinetics_pushups/M2ryf1p9Lgs_1_11.mp4,5.0,3.0579755306243896
M6xzGKXrRps_9_19.mp4,/content/pushup-counter/Kinetics_push_ups/kinetics_pushups/M6xzGKXrRps_9_19.mp4,5.0,3.0582685470581055
M065ZpAKuyY_30_40.mp4,/content/pushup-counter/Kinetics_push_ups/kinetics_pushups/M065ZpAKuyY_30_40.mp4,4.0,3.058417797088623
m408i9NFQIY_2_12.mp4,/content/pushup-counter/Kinetics_push_ups/kinetics_pushups/m408i9NFQIY_2_12.mp4,3.0,3.058242082595825
mbka9fCaS1U_0_10.mp4,/content/pushup-counter/Kinetics_push_ups/kinetics_pushups/mbka9fCaS1U_0_10.mp4,5.0,3.0582926273345947
mcQDxd1EnY8_57_67.mp4,/content/pushup-counter/Kinetics_push_ups/kinetics_pushups/mcQDxd1EnY8_57_67.mp4,2.0,3.058483362197876
MeNdlkaokF0_31_41.mp4,/content/pushup-counter/Kinetics_push_ups/kinetics_pushups/MeNdlkaokF0_31_41.mp4,2.0,3.058645725250244
MHAesSctQ4E_0_10.mp4,/content/pushup-counter/Kinetics_push_ups/kinetics_pushups/MHAesSctQ4E_0_10.mp4,1.0,3.0583038330078125
MHC5N-n2Xl8_2336_2346.mp4,/content/pushup-counter/Kinetics_push_ups/kinetics_pushups/MHC5N-n2Xl8_2336_2346.mp4,5.0,3.057931423187256
mT2hRJkBJxY_137_147.mp4,/content/pushup-counter/Kinetics_push_ups/kinetics_pushups/mT2hRJkBJxY_137_147.mp4,3.0,3.058114767074585
mT2hRJkBJxY_435_445.mp4,/content/pushup-counter/Kinetics_push_ups/kinetics_pushups/mT2hRJkBJxY_435_445.mp4,3.0,3.0582637786865234
mVZNem6PXK0_0_10.mp4,/content/pushup-counter/Kinetics_push_ups/kinetics_pushups/mVZNem6PXK0_0_10.mp4,3.0,3.058772563934326
N1RPjOL7Sf8_0_10.mp4,/content/pushup-counter/Kinetics_push_ups/kinetics_pushups/N1RPjOL7Sf8_0_10.mp4,1.0,3.058615207672119
N2RALFl13eI_1_11.mp4,/content/pushup-counter/Kinetics_push_ups/kinetics_pushups/N2RALFl13eI_1_11.mp4,4.0,3.058243751525879
n4M5qV8mJx8_154_164.mp4,/content/pushup-counter/Kinetics_push_ups/kinetics_pushups/n4M5qV8mJx8_154_164.mp4,1.0,3.0582494735717773
n37sKBWY7Os_1_11.mp4,/content/pushup-counter/Kinetics_push_ups/kinetics_pushups/n37sKBWY7Os_1_11.mp4,5.0,3.0578665733337402
NaH7YeSE0A4_17_27.mp4,/content/pushup-counter/Kinetics_push_ups/kinetics_pushups/NaH7YeSE0A4_17_27.mp4,6.0,3.0585365295410156
NB5FFhNojNg_0_10.mp4,/content/pushup-counter/Kinetics_push_ups/kinetics_pushups/NB5FFhNojNg_0_10.mp4,5.0,3.058511734008789
NBeXKI6BOFE_25_35.mp4,/content/pushup-counter/Kinetics_push_ups/kinetics_pushups/NBeXKI6BOFE_25_35.mp4,3.0,3.0584588050842285
NdO9CtNi5O4_18_28.mp4,/content/pushup-counter/Kinetics_push_ups/kinetics_pushups/NdO9CtNi5O4_18_28.mp4,3.0,3.05855393409729
NdO9CtNi5O4_113_123.mp4,/content/pushup-counter/Kinetics_push_ups/kinetics_pushups/NdO9CtNi5O4_113_123.mp4,6.0,3.0581727027893066
ndZoLg7ylL0_0_10.mp4,/content/pushup-counter/Kinetics_push_ups/kinetics_pushups/ndZoLg7ylL0_0_10.mp4,5.0,3.0587551593780518
neEsBVxcvWk_48_58.mp4,/content/pushup-counter/Kinetics_push_ups/kinetics_pushups/neEsBVxcvWk_48_58.mp4,9.0,3.058368682861328
nGDDCCY4iQk_37_47.mp4,/content/pushup-counter/Kinetics_push_ups/kinetics_pushups/nGDDCCY4iQk_37_47.mp4,1.0,3.058210849761963
nH_pC33pEsU_29_39.mp4,/content/pushup-counter/Kinetics_push_ups/kinetics_pushups/nH_pC33pEsU_29_39.mp4,4.0,3.0582876205444336
nHal5q656nM_13_23.mp4,/content/pushup-counter/Kinetics_push_ups/kinetics_pushups/nHal5q656nM_13_23.mp4,3.0,3.058035135269165
niMBAL_ff5A_0_10.mp4,/content/pushup-counter/Kinetics_push_ups/kinetics_pushups/niMBAL_ff5A_0_10.mp4,2.0,3.05827260017395
nKkFKg5h4pY_17_27.mp4,/content/pushup-counter/Kinetics_push_ups/kinetics_pushups/nKkFKg5h4pY_17_27.mp4,3.0,3.0579833984375
nlnTUB8Re4k_175_185.mp4,/content/pushup-counter/Kinetics_push_ups/kinetics_pushups/nlnTUB8Re4k_175_185.mp4,3.0,3.058239698410034
nlnTUB8Re4k_231_241.mp4,/content/pushup-counter/Kinetics_push_ups/kinetics_pushups/nlnTUB8Re4k_231_241.mp4,2.0,3.0582125186920166
NM8_O3IbAlw_2_12.mp4,/content/pushup-counter/Kinetics_push_ups/kinetics_pushups/NM8_O3IbAlw_2_12.mp4,4.0,3.0581347942352295
NMYGQqZm3fo_1_11.mp4,/content/pushup-counter/Kinetics_push_ups/kinetics_pushups/NMYGQqZm3fo_1_11.mp4,3.0,3.058497905731201
nnma_g4XhaA_10_20.mp4,/content/pushup-counter/Kinetics_push_ups/kinetics_pushups/nnma_g4XhaA_10_20.mp4,4.0,3.0582375526428223
nownoHeS1o0_48_58.mp4,/content/pushup-counter/Kinetics_push_ups/kinetics_pushups/nownoHeS1o0_48_58.mp4,4.0,3.0587527751922607
nPF9lXbxm5Q_13_23.mp4,/content/pushup-counter/Kinetics_push_ups/kinetics_pushups/nPF9lXbxm5Q_13_23.mp4,7.0,3.058161497116089
Nq-fxX6yNJ4_10_20.mp4,/content/pushup-counter/Kinetics_push_ups/kinetics_pushups/Nq-fxX6yNJ4_10_20.mp4,3.0,3.058316230773926
NyZAVj6-HVc_52_62.mp4,/content/pushup-counter/Kinetics_push_ups/kinetics_pushups/NyZAVj6-HVc_52_62.mp4,6.0,3.0560970306396484
O2mhcgdbMHI_17_27.mp4,/content/pushup-counter/Kinetics_push_ups/kinetics_pushups/O2mhcgdbMHI_17_27.mp4,4.0,3.058670997619629
o3HgCuc6u3Y_8_18.mp4,/content/pushup-counter/Kinetics_push_ups/kinetics_pushups/o3HgCuc6u3Y_8_18.mp4,2.0,3.058090925216675
O4hfJi9B_OA_0_10.mp4,/content/pushup-counter/Kinetics_push_ups/kinetics_pushups/O4hfJi9B_OA_0_10.mp4,3.0,3.0576090812683105
O22ejFcKfo8_0_10.mp4,/content/pushup-counter/Kinetics_push_ups/kinetics_pushups/O22ejFcKfo8_0_10.mp4,5.0,3.058723211288452
OaXW4R2pnSo_20_30.mp4,/content/pushup-counter/Kinetics_push_ups/kinetics_pushups/OaXW4R2pnSo_20_30.mp4,2.0,3.057727813720703
OCprW1PXzLc_41_51.mp4,/content/pushup-counter/Kinetics_push_ups/kinetics_pushups/OCprW1PXzLc_41_51.mp4,4.0,3.0535361766815186
ofyQ8BqKxEw_123_133.mp4,/content/pushup-counter/Kinetics_push_ups/kinetics_pushups/ofyQ8BqKxEw_123_133.mp4,3.0,3.0587315559387207
OG_q7BFjKQU_191_201.mp4,/content/pushup-counter/Kinetics_push_ups/kinetics_pushups/OG_q7BFjKQU_191_201.mp4,2.0,3.0567073822021484
oK4rAQaR1Yg_128_138.mp4,/content/pushup-counter/Kinetics_push_ups/kinetics_pushups/oK4rAQaR1Yg_128_138.mp4,1.0,3.0568082332611084
orPv4L77rZQ_64_74.mp4,/content/pushup-counter/Kinetics_push_ups/kinetics_pushups/orPv4L77rZQ_64_74.mp4,1.0,3.0581881999969482
ou0lbAljEQs_2_12.mp4,/content/pushup-counter/Kinetics_push_ups/kinetics_pushups/ou0lbAljEQs_2_12.mp4,6.0,3.057839870452881
oV2eYcHtm1I_4_14.mp4,/content/pushup-counter/Kinetics_push_ups/kinetics_pushups/oV2eYcHtm1I_4_14.mp4,7.0,3.058061122894287
OWaQW8lVJH0_19_29.mp4,/content/pushup-counter/Kinetics_push_ups/kinetics_pushups/OWaQW8lVJH0_19_29.mp4,4.0,3.0579895973205566
Oyc8JBpwBBc_4_14.mp4,/content/pushup-counter/Kinetics_push_ups/kinetics_pushups/Oyc8JBpwBBc_4_14.mp4,3.0,3.058228015899658
P2cp_wPNAG4_0_10.mp4,/content/pushup-counter/Kinetics_push_ups/kinetics_pushups/P2cp_wPNAG4_0_10.mp4,5.0,3.058471441268921
P2STuhcPhO0_13_23.mp4,/content/pushup-counter/Kinetics_push_ups/kinetics_pushups/P2STuhcPhO0_13_23.mp4,3.0,3.058291435241699
P5rp2d06wfY_7_17.mp4,/content/pushup-counter/Kinetics_push_ups/kinetics_pushups/P5rp2d06wfY_7_17.mp4,8.0,3.0584583282470703
p5tDrvIumoU_160_170.mp4,/content/pushup-counter/Kinetics_push_ups/kinetics_pushups/p5tDrvIumoU_160_170.mp4,9.0,3.058328628540039
pcskTSg4mVc_0_10.mp4,/content/pushup-counter/Kinetics_push_ups/kinetics_pushups/pcskTSg4mVc_0_10.mp4,7.0,3.058640956878662
pdO9ODoVNgU_0_10.mp4,/content/pushup-counter/Kinetics_push_ups/kinetics_pushups/pdO9ODoVNgU_0_10.mp4,8.0,3.058614730834961
pevbpXl0RLs_0_10.mp4,/content/pushup-counter/Kinetics_push_ups/kinetics_pushups/pevbpXl0RLs_0_10.mp4,3.0,3.0586371421813965
pgBnhDuDmIc_106_116.mp4,/content/pushup-counter/Kinetics_push_ups/kinetics_pushups/pgBnhDuDmIc_106_116.mp4,3.0,3.058452606201172
pgYR9m-3QyQ_23_33.mp4,/content/pushup-counter/Kinetics_push_ups/kinetics_pushups/pgYR9m-3QyQ_23_33.mp4,5.0,3.058797836303711
PlDM6P7ohnw_0_10.mp4,/content/pushup-counter/Kinetics_push_ups/kinetics_pushups/PlDM6P7ohnw_0_10.mp4,2.0,3.0578582286834717
PrKg-_DSJMI_18_28.mp4,/content/pushup-counter/Kinetics_push_ups/kinetics_pushups/PrKg-_DSJMI_18_28.mp4,5.0,3.0584793090820312
Prl18RbsXxo_76_86.mp4,/content/pushup-counter/Kinetics_push_ups/kinetics_pushups/Prl18RbsXxo_76_86.mp4,6.0,3.058319091796875
ps0HdzNgNpE_4_14.mp4,/content/pushup-counter/Kinetics_push_ups/kinetics_pushups/ps0HdzNgNpE_4_14.mp4,12.0,3.057927370071411
PumHFURScqE_20_30.mp4,/content/pushup-counter/Kinetics_push_ups/kinetics_pushups/PumHFURScqE_20_30.mp4,2.0,3.058368682861328
Py0A9wWkWao_198_208.mp4,/content/pushup-counter/Kinetics_push_ups/kinetics_pushups/Py0A9wWkWao_198_208.mp4,5.0,3.0579993724823
pyOQE8jKIP4_23_33.mp4,/content/pushup-counter/Kinetics_push_ups/kinetics_pushups/pyOQE8jKIP4_23_33.mp4,4.0,3.0578551292419434
PypiXtjgnbs_0_10.mp4,/content/pushup-counter/Kinetics_push_ups/kinetics_pushups/PypiXtjgnbs_0_10.mp4,2.0,3.0586154460906982
q-ZyxEQ3fls_260_270.mp4,/content/pushup-counter/Kinetics_push_ups/kinetics_pushups/q-ZyxEQ3fls_260_270.mp4,1.0,3.0583667755126953
q38xkDR67Xc_20_30.mp4,/content/pushup-counter/Kinetics_push_ups/kinetics_pushups/q38xkDR67Xc_20_30.mp4,6.0,3.057706117630005
qAbk5bDCLRw_77_87.mp4,/content/pushup-counter/Kinetics_push_ups/kinetics_pushups/qAbk5bDCLRw_77_87.mp4,6.0,3.0583975315093994
qdXjaIibjNE_54_64.mp4,/content/pushup-counter/Kinetics_push_ups/kinetics_pushups/qdXjaIibjNE_54_64.mp4,4.0,3.0583279132843018
qOm4q8ic_gA_42_52.mp4,/content/pushup-counter/Kinetics_push_ups/kinetics_pushups/qOm4q8ic_gA_42_52.mp4,11.0,3.058448314666748
qopddvcWCOU_186_196.mp4,/content/pushup-counter/Kinetics_push_ups/kinetics_pushups/qopddvcWCOU_186_196.mp4,4.0,3.0582141876220703
QT4eZgEPZ78_2_12.mp4,/content/pushup-counter/Kinetics_push_ups/kinetics_pushups/QT4eZgEPZ78_2_12.mp4,5.0,3.058352470397949
QtAqd4lxv88_0_10.mp4,/content/pushup-counter/Kinetics_push_ups/kinetics_pushups/QtAqd4lxv88_0_10.mp4,5.0,3.058352470397949
QvWdA0KJ6sw_9_19.mp4,/content/pushup-counter/Kinetics_push_ups/kinetics_pushups/QvWdA0KJ6sw_9_19.mp4,5.0,3.05808687210083
r-d8IlN2W2Q_18_28.mp4,/content/pushup-counter/Kinetics_push_ups/kinetics_pushups/r-d8IlN2W2Q_18_28.mp4,0.0,3.058310031890869
R-g8EaDpgIk_25_35.mp4,/content/pushup-counter/Kinetics_push_ups/kinetics_pushups/R-g8EaDpgIk_25_35.mp4,2.0,3.0581398010253906
r3FLys-qIYw_0_10.mp4,/content/pushup-counter/Kinetics_push_ups/kinetics_pushups/r3FLys-qIYw_0_10.mp4,2.0,3.058336019515991
rIpbywLZjYk_0_10.mp4,/content/pushup-counter/Kinetics_push_ups/kinetics_pushups/rIpbywLZjYk_0_10.mp4,3.0,3.0581490993499756
RRjz65DkgKU_21_31.mp4,/content/pushup-counter/Kinetics_push_ups/kinetics_pushups/RRjz65DkgKU_21_31.mp4,3.0,3.058305501937866
rXQ0A51a6iQ_9_19.mp4,/content/pushup-counter/Kinetics_push_ups/kinetics_pushups/rXQ0A51a6iQ_9_19.mp4,3.0,3.0581350326538086
RYQhI6j2TuM_40_50.mp4,/content/pushup-counter/Kinetics_push_ups/kinetics_pushups/RYQhI6j2TuM_40_50.mp4,3.0,3.0586137771606445
s-HmfE-SEH8_91_101.mp4,/content/pushup-counter/Kinetics_push_ups/kinetics_pushups/s-HmfE-SEH8_91_101.mp4,12.0,3.0586090087890625
s0XWAiQO5c8_0_10.mp4,/content/pushup-counter/Kinetics_push_ups/kinetics_pushups/s0XWAiQO5c8_0_10.mp4,5.0,3.058542013168335
San9c8vZ1ug_31_41.mp4,/content/pushup-counter/Kinetics_push_ups/kinetics_pushups/San9c8vZ1ug_31_41.mp4,3.0,3.0583443641662598
sBfW0tj9fqg_0_10.mp4,/content/pushup-counter/Kinetics_push_ups/kinetics_pushups/sBfW0tj9fqg_0_10.mp4,3.0,3.0585055351257324
sDbqmRT7om0_5_15.mp4,/content/pushup-counter/Kinetics_push_ups/kinetics_pushups/sDbqmRT7om0_5_15.mp4,3.0,3.05824613571167
sEGJ88bqEz0_0_10.mp4,/content/pushup-counter/Kinetics_push_ups/kinetics_pushups/sEGJ88bqEz0_0_10.mp4,5.0,3.0587387084960938
sFdCbDBw8Cw_9_19.mp4,/content/pushup-counter/Kinetics_push_ups/kinetics_pushups/sFdCbDBw8Cw_9_19.mp4,8.0,3.0583813190460205
SL4g1HaCoMs_29_39.mp4,/content/pushup-counter/Kinetics_push_ups/kinetics_pushups/SL4g1HaCoMs_29_39.mp4,4.0,3.0583128929138184
Sl5O4PbcQo0_3_13.mp4,/content/pushup-counter/Kinetics_push_ups/kinetics_pushups/Sl5O4PbcQo0_3_13.mp4,3.0,3.0579335689544678
Sl5O4PbcQo0_13_23.mp4,/content/pushup-counter/Kinetics_push_ups/kinetics_pushups/Sl5O4PbcQo0_13_23.mp4,3.0,3.0580101013183594
sofj9_NIIew_3_13.mp4,/content/pushup-counter/Kinetics_push_ups/kinetics_pushups/sofj9_NIIew_3_13.mp4,3.0,3.05875301361084
swmnmy0sAk8_26_36.mp4,/content/pushup-counter/Kinetics_push_ups/kinetics_pushups/swmnmy0sAk8_26_36.mp4,4.0,3.0583720207214355
SxB0Rk0zrcY_40_50.mp4,/content/pushup-counter/Kinetics_push_ups/kinetics_pushups/SxB0Rk0zrcY_40_50.mp4,2.0,3.0585172176361084
t-RR8Lfec-8_14_24.mp4,/content/pushup-counter/Kinetics_push_ups/kinetics_pushups/t-RR8Lfec-8_14_24.mp4,2.0,3.058475971221924
ZuDEug35Jnk_9_19.mp4,/content/pushup-counter/Kinetics_push_ups/kinetics_pushups/ZuDEug35Jnk_9_19.mp4,4.0,3.058504581451416
ZMt9AtuKss4_2_12.mp4,/content/pushup-counter/Kinetics_push_ups/kinetics_pushups/ZMt9AtuKss4_2_12.mp4,3.0,3.057948589324951
zgigSgrb3qU_12_22.mp4,/content/pushup-counter/Kinetics_push_ups/kinetics_pushups/zgigSgrb3qU_12_22.mp4,1.0,3.0586085319519043
YU0gWh72a3k_15_25.mp4,/content/pushup-counter/Kinetics_push_ups/kinetics_pushups/YU0gWh72a3k_15_25.mp4,3.0,3.0531857013702393
